Feature_Subset,N_Features,RMSE,MAE,R2,Ridge_R2,GB_R2
All Features (All),22,0.49831844143621107,0.391538776190068,0.9989775836819661,0.9999999665754277,0.9959102393701222
Actionable Features,14,3.543014864303865,2.9099010926202493,0.9483155615587744,0.9484680791728277,0.9461286502823653
Top 15 Features,15,13.46977548432772,11.207899745947062,0.2529759789616528,0.2453193139275881,0.2475977627986865
Top 10 Features,10,15.295256935192901,12.485396144150178,0.03677575206384076,0.030387809041496072,0.035846833759485275
Top 5 Features,5,15.597419687940443,12.70452600501884,-0.0016577819196479382,-0.0011486093379480256,-0.007354999363402337
