Model,RMSE,MAE,R2,CV_RMSE_mean,CV_RMSE_std,CV_R2_mean,CV_R2_std
Lasso,4.735604801548235,3.880541208566164,0.7000301630676545,4.61917229665081,0.20627021526228834,0.7294542677486627,0.03502631329578477
Ridge,4.777909197528651,3.9331375411646143,0.6946468065448594,4.640041064842858,0.20325324733575473,0.7268649210743916,0.03607082668376781
Linear Regression,4.779284713486903,3.935019784316776,0.6944709645048315,4.643560030519575,0.20211492192197472,0.7264792020906923,0.03586813478485034
Gradient Boosting,5.212644806833311,4.13396469597566,0.6365514436194168,5.307705100606682,0.2539397906768251,0.6433637932492549,0.043267901047858666
Random Forest,5.250434453075767,4.079060801432253,0.6312626207248715,5.46763760881398,0.27938493726321395,0.6232453359943821,0.030419063252496745
XGBoost,5.504210474586248,4.34346920572086,0.5947558562839181,5.511113013941775,0.22815954775144337,0.6143398648358607,0.05281525365477094
