Model,RMSE,MAE,R2,CV_RMSE_mean,CV_RMSE_std,CV_R2_mean,CV_R2_std
Linear Regression,0.0028488385505383257,0.0024641820950259533,0.9999999665843796,0.002872392060972939,1.9054329410315036e-05,0.9999999649160423,1.314993358890473e-09
Ridge,0.0035861323140930733,0.002942975495830381,0.9999999470499381,0.0035838817607478706,2.0518211892427584e-05,0.999999945388071,1.892397812760071e-09
Lasso,0.26769949725154524,0.21573499508818345,0.999704940933301,0.26292536567069147,0.005736569323115828,0.9997063217969331,5.505450831587241e-06
Gradient Boosting,1.135952760978567,0.9049778647365366,0.9946870663031918,1.1276147886275136,0.01732991178113084,0.994593242498081,0.00022776583486723947
XGBoost,1.414713825911586,1.1269097652735365,0.9917595477153756,1.3089416416419453,0.04976295777536193,0.9927097898519277,0.0005387714968241506
Random Forest,2.3589601586802544,1.8604421590508913,0.9770884186435113,2.331227472386816,0.046966117736234214,0.9769096364334506,0.0004936162335884828
