bucket,mean,ci_low_95,ci_high_95,n
Low,90.3826070245184,88.66434018417301,91.77007422658204,125
Med-Low,87.58403364526811,85.9705003391129,89.15937858346467,125
Med-High,87.56059062931612,86.04152085736341,88.96783257114208,125
High,82.85010630365628,80.88539300072466,84.76931243865116,125
