stress_bin,low,mid,high
low,79.2135150063819,89.20681934374694,94.07223465603848
mid,76.79180690598578,86.12334325433304,95.03757950456821
high,75.20309403365296,84.76709262826091,92.81353041440653
