feature,pearson_r,pearson_p,spearman_rho,spearman_p
focus_score,0.65760547624543,3.0338706343607457e-63,0.6645860629601096,5.063108410154939e-65
study_hours_per_day,0.3293262250779869,4.113327976121275e-14,0.3225380100899182,1.4398693260930253e-13
phone_usage_hours,-0.23318320477940926,1.3351084992896276e-07,-0.207624949030554,2.839057546542879e-06
sleep_hours,0.17213391304198003,0.00010959286649899402,0.1515253132513802,0.0006753963318041666
social_media_hours,-0.15377670814611494,0.0005595697844043513,-0.1296183739144653,0.0036918453734880014
exercise_minutes,0.09391078742476473,0.03579094747852325,0.084904732207931,0.05780119386325289
gaming_hours,-0.08734701328224215,0.050940314836115066,-0.0797664619808744,0.07474785558396364
youtube_hours,-0.0410626250988806,0.359521842112238,-0.04084195118200781,0.36211187324896177
