,mean,std,min,max
phone_usage_hours,1.973868142398409,1.4579658926257322,0.05891771890704053,8.0
social_media_hours,1.2433726744763416,0.975055979493307,0.02722998163877364,6.0
youtube_hours,0.8353171026091439,0.7753134298139899,0.00621119432258634,5.0
gaming_hours,0.457291683439534,0.458904405968716,0.0018165872945488434,2.9934146257999568
